,topic_public_value_score,semantic_clarity_score,data_richness_score,machine_readability_score,timeliness_score,spatiotemporal_capability_score,combinability_score,PotentialUse_CRITIC_percentile
topic_public_value_score,1.0,0.39906143227584406,-0.02595250940790385,0.03635307011924429,-0.0036237760745171156,0.05081800873023186,0.06238331012109141,0.2988988244343721
semantic_clarity_score,0.39906143227584406,1.0,-0.015333084771141406,-0.016228725333437836,0.03167614296349252,-0.24185005814683416,-0.07804631975533427,0.3187929350251232
data_richness_score,-0.02595250940790385,-0.015333084771141406,1.0,-0.4286677604503032,0.5902187623020798,0.045055261905140136,0.5372635304681845,0.11576216872761191
machine_readability_score,0.03635307011924429,-0.016228725333437836,-0.4286677604503032,1.0,-0.4653726253427306,0.16881718585490788,0.12641354173893746,0.609173968120294
timeliness_score,-0.0036237760745171156,0.03167614296349252,0.5902187623020798,-0.4653726253427306,1.0,-0.05516159569310162,0.28589165558020274,0.09659094781598296
spatiotemporal_capability_score,0.05081800873023186,-0.24185005814683416,0.045055261905140136,0.16881718585490788,-0.05516159569310162,1.0,0.43563274442967437,0.4510368662988747
combinability_score,0.06238331012109141,-0.07804631975533427,0.5372635304681845,0.12641354173893746,0.28589165558020274,0.43563274442967437,1.0,0.5449723329068629
PotentialUse_CRITIC_percentile,0.2988988244343721,0.3187929350251232,0.11576216872761191,0.609173968120294,0.09659094781598296,0.4510368662988747,0.5449723329068629,1.0
