scrape_status,count,share
success,9667,0.9871336669049321
unavailable,126,0.012866333095067906
