数据资源类型,count,share
数据接口,4917,0.5154088050314466
数据产品,4623,0.48459119496855346
