metric,count,share
format_count>=2,9242,0.9687631027253669
format_count>=3,5397,0.5657232704402516
format_count>=5,4693,0.4919287211740042
