spatial_admin_level,count,share
区级,6482,0.6794549266247379
市级,3029,0.3175052410901468
其他/不确定,27,0.002830188679245283
跨区域/国家级,2,0.00020964360587002095
