time_scope_validity,count,share
有效内容时间范围,6739,0.7063941299790356
无有效内容时间范围,2801,0.2936058700209644
