开放属性,count,share
无条件开放,5522,0.5788259958071279
有条件开放,4018,0.4211740041928721
