format,count,share
RDF,5349,0.5606918238993711
XML,9053,0.9489517819706499
CSV,5558,0.5825995807127883
JSON,9093,0.9531446540880503
XLSX,5006,0.5247379454926625
