sample_layer,rows,share_of_full
全量资源画像样本,9793,1.0
scrape_status=success,9667,0.9871336669049321
主分析样本,9540,0.9741652200551414
不可用或核心缺失,253,0.025834779944858572
