format_count_clean,count,share
5.0,4693,0.4919287211740042
2.0,3845,0.4030398322851153
4.0,494,0.051781970649895176
1.0,298,0.031236897274633125
3.0,210,0.0220125786163522
