api_need_apply_clean,count,share
0,5485,0.5749475890985325
1,4055,0.4250524109014675
