R2_in_sample_full_fit,MAE_in_sample_full_fit,RMSE_in_sample_full_fit,Spearman_in_sample_full_fit
0.9466031587949535,0.046861171758673256,0.06671862551303943,0.9731113580382306
