dimension,std,conflict,information,critic_weight,entropy_weight
topic_public_value_score,0.10399071495702963,5.508788415470101,0.5728628458717382,0.07513244453046737,0.026231715194438888
semantic_clarity_score,0.2088995198153381,5.976367843182605,1.2484603726806742,0.16373880829394688,0.1952287959529203
data_richness_score,0.17685631661605034,5.44537295223029,0.9630486029321169,0.1263063161826027,0.24788114023360236
machine_readability_score,0.287634380223457,6.557934162452117,1.8862873283631503,0.247391463922062,0.19088699469616888
timeliness_score,0.213365677112417,5.769346792546711,1.2309805848880802,0.16144628889563795,0.1693677139930942
spatiotemporal_capability_score,0.1968907496656283,5.4689024382596045,1.076776300917116,0.14122199804609156,0.1091269304747121
combinability_score,0.13738336797698888,4.704285361041643,0.6462905668247461,0.08476268012919162,0.0612767094550633
